i,year,gender,name,amount,perc
0,1880,M,Rodrigo,636,0.00652
1,1880,M,Diego,241,0.00247
2,1880,M,Roberto,117,0.0012
3,1880,M,Jaime,112,0.00115
4,1880,M,Juan,27,0.00028
5,1880,M,Jorge,12,0.00012
6,1880,M,Eric,7,7e-05
7,1881,M,Rodrigo,612,0.00619
8,1881,M,Diego,263,0.00266
9,1881,M,Roberto,112,0.00113
10,1881,M,Jaime,109,0.0011
11,1881,M,Juan,38,0.00038
12,1881,M,Jorge,14,0.00014
13,1881,M,Eric,7,7e-05
14,1882,M,Rodrigo,838,0.00724
15,1882,M,Diego,288,0.00249
16,1882,M,Roberto,123,0.00106
17,1882,M,Jaime,115,0.00099
18,1882,M,Juan,36,0.00031
19,1882,M,Jorge,15,0.00013
20,1882,M,Eric,8,7e-05
21,1883,M,Rodrigo,862,0.00718
22,1883,M,Diego,287,0.00239
23,1883,M,Jaime,141,0.00117
24,1883,M,Roberto,120,0.001
25,1883,M,Juan,49,0.00041
26,1883,M,Jorge,16,0.00013
27,1883,M,Eric,6,5e-05
28,1884,M,Rodrigo,986,0.00717
29,1884,M,Diego,337,0.00245
30,1884,M,Jaime,163,0.00118
31,1884,M,Roberto,144,0.00105
32,1884,M,Juan,33,0.00024
33,1884,M,Eric,14,0.0001
34,1884,M,Jorge,13,9e-05
35,1884,M,Miguel,6,4e-05
36,1885,M,Rodrigo,1134,0.00799
37,1885,M,Diego,339,0.00239
38,1885,M,Jaime,196,0.00138
39,1885,M,Roberto,155,0.00109
40,1885,M,Juan,60,0.00042
41,1885,M,Jorge,10,7e-05
42,1885,M,Eric,6,4e-05
43,1885,M,Miguel,5,4e-05
44,1886,M,Rodrigo,1267,0.00824
45,1886,M,Diego,370,0.00241
46,1886,M,Jaime,230,0.0015
47,1886,M,Roberto,167,0.00109
48,1886,M,Juan,49,0.00032
49,1886,M,Eric,11,7e-05
50,1886,M,Jorge,10,7e-05
51,1886,M,Miguel,8,5e-05
52,1887,M,Rodrigo,1405,0.00904
53,1887,M,Diego,338,0.00217
54,1887,M,Jaime,272,0.00175
55,1887,M,Roberto,178,0.00115
56,1887,M,Juan,50,0.00032
57,1887,M,Jorge,15,0.0001
58,1887,M,Miguel,10,6e-05
59,1887,M,Eric,8,5e-05
60,1888,M,Rodrigo,1847,0.00975
61,1888,M,Diego,404,0.00213
62,1888,M,Jaime,373,0.00197
63,1888,M,Roberto,214,0.00113
64,1888,M,Juan,77,0.00041
65,1888,M,Jorge,26,0.00014
66,1888,M,Eric,18,0.0001
67,1888,M,Miguel,12,6e-05
68,1889,M,Rodrigo,1909,0.01009
69,1889,M,Diego,413,0.00218
70,1889,M,Jaime,377,0.00199
71,1889,M,Roberto,189,0.001
72,1889,M,Juan,74,0.00039
73,1889,M,Miguel,17,9e-05
74,1889,M,Jorge,12,6e-05
75,1889,M,Eric,9,5e-05
76,1890,M,Rodrigo,2312,0.01146
77,1890,M,Jaime,458,0.00227
78,1890,M,Diego,392,0.00194
79,1890,M,Roberto,216,0.00107
80,1890,M,Juan,54,0.00027
81,1890,M,Jorge,24,0.00012
82,1890,M,Eric,18,9e-05
83,1890,M,Miguel,11,5e-05
84,1891,M,Rodrigo,2417,0.0123
85,1891,M,Jaime,566,0.00288
86,1891,M,Diego,371,0.00189
87,1891,M,Roberto,239,0.00122
88,1891,M,Juan,78,0.0004
89,1891,M,Jorge,15,8e-05
90,1891,M,Eric,14,7e-05
91,1891,M,Miguel,12,6e-05
92,1892,M,Rodrigo,2936,0.01305
93,1892,M,Jaime,626,0.00278
94,1892,M,Diego,455,0.00202
95,1892,M,Roberto,255,0.00113
96,1892,M,Juan,83,0.00037
97,1892,M,Miguel,21,9e-05
98,1892,M,Jorge,16,7e-05
99,1892,M,Eric,14,6e-05
100,1893,M,Rodrigo,3249,0.01443
101,1893,M,Jaime,821,0.00365
102,1893,M,Diego,387,0.00172
103,1893,M,Roberto,298,0.00132
104,1893,M,Juan,82,0.00036
105,1893,M,Miguel,28,0.00012
106,1893,M,Jorge,24,0.00011
107,1893,M,Eric,15,7e-05
108,1894,M,Rodrigo,3676,0.01558
109,1894,M,Jaime,1052,0.00446
110,1894,M,Diego,418,0.00177
111,1894,M,Roberto,298,0.00126
112,1894,M,Juan,94,0.0004
113,1894,M,Miguel,36,0.00015
114,1894,M,Jorge,18,8e-05
115,1894,M,Eric,10,4e-05
116,1895,M,Rodrigo,4023,0.01628
117,1895,M,Jaime,1127,0.00456
118,1895,M,Diego,431,0.00174
119,1895,M,Roberto,350,0.00142
120,1895,M,Juan,96,0.00039
121,1895,M,Miguel,35,0.00014
122,1895,M,Eric,19,8e-05
123,1895,M,Jorge,13,5e-05
124,1896,M,Rodrigo,4392,0.01743
125,1896,M,Jaime,1366,0.00542
126,1896,M,Diego,367,0.00146
127,1896,M,Roberto,342,0.00136
128,1896,M,Juan,104,0.00041
129,1896,M,Miguel,37,0.00015
130,1896,M,Jorge,18,7e-05
131,1896,M,Eric,9,4e-05
132,1897,M,Rodrigo,4519,0.0182
133,1897,M,Jaime,1472,0.00593
134,1897,M,Roberto,367,0.00148
135,1897,M,Diego,354,0.00143
136,1897,M,Juan,81,0.00033
137,1897,M,Miguel,49,0.0002
138,1897,M,Jorge,23,9e-05
139,1897,M,Eric,9,4e-05
140,1898,M,Rodrigo,5230,0.01908
141,1898,M,Jaime,1671,0.0061
142,1898,M,Roberto,421,0.00154
143,1898,M,Diego,371,0.00135
144,1898,M,Juan,102,0.00037
145,1898,M,Miguel,47,0.00017
146,1898,M,Jorge,21,8e-05
147,1898,M,Eric,13,5e-05
148,1899,M,Rodrigo,5048,0.0204
149,1899,M,Jaime,1687,0.00682
150,1899,M,Roberto,410,0.00166
151,1899,M,Diego,326,0.00132
152,1899,M,Juan,98,0.0004
153,1899,M,Miguel,56,0.00023
154,1899,M,Eric,14,6e-05
155,1899,M,Jorge,11,4e-05
156,1900,M,Rodrigo,6343,0.01996
157,1900,M,Jaime,2491,0.00784
158,1900,M,Roberto,664,0.00209
159,1900,M,Diego,377,0.00119
160,1900,M,Juan,126,0.0004
161,1900,M,Miguel,89,0.00028
162,1900,M,Jorge,26,8e-05
163,1900,M,Eric,23,7e-05
164,1901,M,Rodrigo,5247,0.02064
165,1901,M,Jaime,2173,0.00855
166,1901,M,Roberto,474,0.00186
167,1901,M,Diego,317,0.00125
168,1901,M,Juan,86,0.00034
169,1901,M,Miguel,68,0.00027
170,1901,M,Jorge,21,8e-05
171,1901,M,Eric,8,3e-05
172,1902,M,Rodrigo,5967,0.02129
173,1902,M,Jaime,2707,0.00966
174,1902,M,Roberto,580,0.00207
175,1902,M,Diego,301,0.00107
176,1902,M,Juan,91,0.00032
177,1902,M,Miguel,85,0.0003
178,1902,M,Jorge,21,7e-05
179,1902,M,Eric,9,3e-05
180,1903,M,Rodrigo,6129,0.02203
181,1903,M,Jaime,3078,0.01106
182,1903,M,Roberto,596,0.00214
183,1903,M,Diego,247,0.00089
184,1903,M,Juan,90,0.00032
185,1903,M,Miguel,79,0.00028
186,1903,M,Jorge,21,8e-05
187,1903,M,Eric,16,6e-05
188,1904,M,Rodrigo,6488,0.02219
189,1904,M,Jaime,3477,0.01189
190,1904,M,Roberto,707,0.00242
191,1904,M,Diego,294,0.00101
192,1904,M,Miguel,124,0.00042
193,1904,M,Juan,101,0.00035
194,1904,M,Jorge,23,8e-05
195,1904,M,Eric,16,5e-05
196,1905,M,Rodrigo,6811,0.02198
197,1905,M,Jaime,3937,0.01271
198,1905,M,Roberto,807,0.0026
199,1905,M,Diego,311,0.001
200,1905,M,Miguel,121,0.00039
201,1905,M,Juan,106,0.00034
202,1905,M,Jorge,18,6e-05
203,1905,M,Eric,17,5e-05
204,1906,M,Rodrigo,7176,0.02289
205,1906,M,Jaime,4326,0.0138
206,1906,M,Roberto,865,0.00276
207,1906,M,Diego,260,0.00083
208,1906,M,Miguel,157,0.0005
209,1906,M,Juan,98,0.00031
210,1906,M,Jorge,25,8e-05
211,1906,M,Eric,18,6e-05
212,1907,M,Rodrigo,7579,0.02246
213,1907,M,Jaime,4967,0.01472
214,1907,M,Roberto,1018,0.00302
215,1907,M,Diego,285,0.00084
216,1907,M,Miguel,177,0.00052
217,1907,M,Juan,102,0.0003
218,1907,M,Jorge,21,6e-05
219,1907,M,Eric,17,5e-05
220,1908,M,Rodrigo,8439,0.0238
221,1908,M,Jaime,5703,0.01609
222,1908,M,Roberto,1128,0.00318
223,1908,M,Diego,260,0.00073
224,1908,M,Miguel,205,0.00058
225,1908,M,Juan,93,0.00026
226,1908,M,Jorge,25,7e-05
227,1908,M,Eric,17,5e-05
228,1909,M,Rodrigo,9250,0.02513
229,1909,M,Jaime,6253,0.01699
230,1909,M,Roberto,1082,0.00294
231,1909,M,Diego,271,0.00074
232,1909,M,Miguel,233,0.00063
233,1909,M,Juan,105,0.00029
234,1909,M,Jorge,26,7e-05
235,1909,M,Eric,18,5e-05
236,1910,M,Rodrigo,10479,0.02498
237,1910,M,Jaime,7318,0.01744
238,1910,M,Roberto,1389,0.00331
239,1910,M,Miguel,316,0.00075
240,1910,M,Diego,278,0.00066
241,1910,M,Juan,137,0.00033
242,1910,M,Jorge,33,8e-05
243,1910,M,Eric,28,7e-05
244,1911,M,Rodrigo,11802,0.02671
245,1911,M,Jaime,8869,0.02007
246,1911,M,Roberto,1456,0.0033
247,1911,M,Miguel,325,0.00074
248,1911,M,Diego,280,0.00063
249,1911,M,Juan,130,0.00029
250,1911,M,Jorge,36,8e-05
251,1911,M,Eric,21,5e-05
252,1912,M,Rodrigo,16133,0.0275
253,1912,M,Jaime,12645,0.02155
254,1912,M,Roberto,2011,0.00343
255,1912,M,Miguel,504,0.00086
256,1912,M,Diego,310,0.00053
257,1912,M,Juan,189,0.00032
258,1912,M,Eric,36,6e-05
259,1912,M,Jorge,32,5e-05
260,1913,M,Rodrigo,18889,0.02884
261,1913,M,Jaime,14674,0.02241
262,1913,M,Roberto,2239,0.00342
263,1913,M,Miguel,588,0.0009
264,1913,M,Diego,346,0.00053
265,1913,M,Juan,238,0.00036
266,1913,M,Jorge,42,6e-05
267,1913,M,Eric,25,4e-05
268,1914,M,Rodrigo,23221,0.02915
269,1914,M,Jaime,18782,0.02358
270,1914,M,Roberto,2933,0.00368
271,1914,M,Miguel,656,0.00082
272,1914,M,Diego,375,0.00047
273,1914,M,Juan,219,0.00027
274,1914,M,Jorge,62,8e-05
275,1914,M,Eric,42,5e-05
276,1915,M,Rodrigo,30866,0.03015
277,1915,M,Jaime,25154,0.02457
278,1915,M,Roberto,4182,0.00408
279,1915,M,Miguel,895,0.00087
280,1915,M,Diego,412,0.0004
281,1915,M,Juan,290,0.00028
282,1915,M,Jorge,106,0.0001
283,1915,M,Eric,55,5e-05
284,1916,M,Rodrigo,32661,0.03008
285,1916,M,Jaime,27415,0.02525
286,1916,M,Roberto,5136,0.00473
287,1916,M,Miguel,1078,0.00099
288,1916,M,Diego,421,0.00039
289,1916,M,Juan,297,0.00027
290,1916,M,Jorge,90,8e-05
291,1916,M,Eric,53,5e-05
292,1917,M,Rodrigo,34249,0.03048
293,1917,M,Jaime,28853,0.02568
294,1917,M,Roberto,6639,0.00591
295,1917,M,Miguel,1441,0.00128
296,1917,M,Diego,445,0.0004
297,1917,M,Juan,291,0.00026
298,1917,M,Jorge,89,8e-05
299,1917,M,Eric,55,5e-05
300,1917,M,David,5,0.0
301,1918,M,Rodrigo,36150,0.03007
302,1918,M,Jaime,32034,0.02664
303,1918,M,Roberto,8802,0.00732
304,1918,M,Miguel,1760,0.00146
305,1918,M,Diego,397,0.00033
306,1918,M,Juan,322,0.00027
307,1918,M,Jorge,92,8e-05
308,1918,M,Eric,56,5e-05
309,1919,M,Rodrigo,33705,0.02869
310,1919,M,Jaime,31734,0.02702
311,1919,M,Roberto,10107,0.0086
312,1919,M,Miguel,2144,0.00183
313,1919,M,Diego,379,0.00032
314,1919,M,Juan,282,0.00024
315,1919,M,Jorge,70,6e-05
316,1919,M,Eric,40,3e-05
317,1920,M,Jaime,36645,0.02946
318,1920,M,Rodrigo,35098,0.02821
319,1920,M,Roberto,14017,0.01127
320,1920,M,Miguel,2502,0.00201
321,1920,M,Diego,379,0.0003
322,1920,M,Juan,349,0.00028
323,1920,M,Jorge,82,7e-05
324,1920,M,Eric,43,3e-05
325,1921,M,Jaime,39083,0.03054
326,1921,M,Rodrigo,34819,0.02721
327,1921,M,Roberto,17637,0.01378
328,1921,M,Miguel,3382,0.00264
329,1921,M,Diego,392,0.00031
330,1921,M,Juan,367,0.00029
331,1921,M,Jorge,94,7e-05
332,1921,M,Eric,48,4e-05
333,1922,M,Jaime,37711,0.03023
334,1922,M,Rodrigo,32507,0.02606
335,1922,M,Roberto,20893,0.01675
336,1922,M,Miguel,3902,0.00313
337,1922,M,Juan,365,0.00029
338,1922,M,Diego,341,0.00027
339,1922,M,Jorge,71,6e-05
340,1922,M,Eric,40,3e-05
341,1923,M,Jaime,39045,0.03118
342,1923,M,Rodrigo,31492,0.02514
343,1923,M,Roberto,25990,0.02075
344,1923,M,Miguel,4800,0.00383
345,1923,M,Juan,423,0.00034
346,1923,M,Diego,362,0.00029
347,1923,M,Jorge,118,9e-05
348,1923,M,Eric,52,4e-05
349,1924,M,Jaime,39996,0.03087
350,1924,M,Rodrigo,31193,0.02407
351,1924,M,Roberto,30602,0.02362
352,1924,M,Miguel,6958,0.00537
353,1924,M,Juan,454,0.00035
354,1924,M,Diego,341,0.00026
355,1924,M,Jorge,125,0.0001
356,1924,M,Eric,41,3e-05
357,1925,M,Jaime,38572,0.03054
358,1925,M,Roberto,32817,0.02598
359,1925,M,Rodrigo,29168,0.02309
360,1925,M,Miguel,8095,0.00641
361,1925,M,Juan,438,0.00035
362,1925,M,Diego,310,0.00025
363,1925,M,Jorge,82,6e-05
364,1925,M,Eric,34,3e-05
365,1926,M,Jaime,36614,0.02976
366,1926,M,Roberto,32959,0.02679
367,1926,M,Rodrigo,26884,0.02185
368,1926,M,Miguel,8590,0.00698
369,1926,M,Juan,479,0.00039
370,1926,M,Diego,310,0.00025
371,1926,M,Jorge,116,9e-05
372,1926,M,Eric,35,3e-05
373,1927,M,Jaime,35987,0.02911
374,1927,M,Roberto,35422,0.02865
375,1927,M,Rodrigo,25316,0.02048
376,1927,M,Miguel,10553,0.00854
377,1927,M,Juan,516,0.00042
378,1927,M,Diego,234,0.00019
379,1927,M,Jorge,91,7e-05
380,1927,M,Eric,39,3e-05
381,1928,M,Roberto,36078,0.03018
382,1928,M,Jaime,33728,0.02822
383,1928,M,Rodrigo,22936,0.01919
384,1928,M,Miguel,12332,0.01032
385,1928,M,Juan,554,0.00046
386,1928,M,Diego,247,0.00021
387,1928,M,Jorge,130,0.00011
388,1928,M,Eric,36,3e-05
389,1929,M,Roberto,36669,0.03168
390,1929,M,Jaime,31477,0.02719
391,1929,M,Rodrigo,20983,0.01813
392,1929,M,Miguel,13626,0.01177
393,1929,M,Juan,509,0.00044
394,1929,M,Diego,209,0.00018
395,1929,M,Jorge,161,0.00014
396,1929,M,Eric,42,4e-05
397,1930,M,Roberto,38239,0.03279
398,1930,M,Jaime,30404,0.02607
399,1930,M,Rodrigo,19914,0.01707
400,1930,M,Miguel,15749,0.0135
401,1930,M,Juan,493,0.00042
402,1930,M,Diego,196,0.00017
403,1930,M,Jorge,165,0.00014
404,1930,M,Eric,38,3e-05
405,1931,M,Roberto,36102,0.03271
406,1931,M,Jaime,26521,0.02403
407,1931,M,Rodrigo,17657,0.016
408,1931,M,Miguel,16468,0.01492
409,1931,M,Juan,534,0.00048
410,1931,M,Diego,209,0.00019
411,1931,M,Jorge,158,0.00014
412,1931,M,Eric,39,4e-05
413,1932,M,Roberto,34411,0.03111
414,1932,M,Jaime,24968,0.02257
415,1932,M,Miguel,17991,0.01626
416,1932,M,Rodrigo,16375,0.0148
417,1932,M,Juan,774,0.0007
418,1932,M,Diego,213,0.00019
419,1932,M,Jorge,208,0.00019
420,1932,M,Eric,44,4e-05
421,1933,M,Roberto,31526,0.03014
422,1933,M,Jaime,22050,0.02108
423,1933,M,Miguel,18625,0.01781
424,1933,M,Rodrigo,14645,0.014
425,1933,M,Juan,786,0.00075
426,1933,M,Jorge,243,0.00023
427,1933,M,Diego,199,0.00019
428,1933,M,Eric,43,4e-05
429,1934,M,Roberto,31078,0.02872
430,1934,M,Jaime,21280,0.01966
431,1934,M,Miguel,20847,0.01926
432,1934,M,Rodrigo,14099,0.01303
433,1934,M,Juan,1001,0.00092
434,1934,M,Jorge,280,0.00026
435,1934,M,Diego,189,0.00017
436,1934,M,Eric,46,4e-05
437,1935,M,Roberto,28673,0.02639
438,1935,M,Miguel,22876,0.02105
439,1935,M,Jaime,19400,0.01785
440,1935,M,Rodrigo,12778,0.01176
441,1935,M,Juan,1197,0.0011
442,1935,M,Jorge,279,0.00026
443,1935,M,Diego,211,0.00019
444,1935,M,Eric,47,4e-05
445,1936,M,Roberto,25863,0.024
446,1936,M,Miguel,23912,0.02219
447,1936,M,Jaime,17668,0.0164
448,1936,M,Rodrigo,12232,0.01135
449,1936,M,Juan,2439,0.00226
450,1936,M,Jorge,299,0.00028
451,1936,M,Diego,192,0.00018
452,1936,M,Eric,43,4e-05
453,1937,M,Miguel,26837,0.02436
454,1937,M,Roberto,25328,0.02299
455,1937,M,Jaime,16571,0.01504
456,1937,M,Rodrigo,11452,0.01039
457,1937,M,Juan,4380,0.00398
458,1937,M,Jorge,323,0.00029
459,1937,M,Diego,176,0.00016
460,1937,M,Eric,72,7e-05
461,1938,M,Miguel,27555,0.02414
462,1938,M,Roberto,25502,0.02234
463,1938,M,Jaime,16348,0.01432
464,1938,M,Rodrigo,10833,0.00949
465,1938,M,Juan,7047,0.00617
466,1938,M,Jorge,410,0.00036
467,1938,M,Diego,192,0.00017
468,1938,M,Eric,50,4e-05
469,1938,M,David,7,1e-05
470,1939,M,Miguel,29704,0.02619
471,1939,M,Roberto,23639,0.02085
472,1939,M,Jaime,15170,0.01338
473,1939,M,Juan,10714,0.00945
474,1939,M,Rodrigo,10417,0.00919
475,1939,M,Jorge,443,0.00039
476,1939,M,Diego,185,0.00016
477,1939,M,Eric,77,7e-05
478,1940,M,Miguel,32661,0.02765
479,1940,M,Roberto,22074,0.01869
480,1940,M,Juan,18368,0.01555
481,1940,M,Jaime,14874,0.01259
482,1940,M,Rodrigo,10201,0.00864
483,1940,M,Jorge,469,0.0004
484,1940,M,Diego,218,0.00018
485,1940,M,Eric,61,5e-05
486,1941,M,Miguel,36901,0.02962
487,1941,M,Juan,23715,0.01904
488,1941,M,Roberto,20900,0.01678
489,1941,M,Jaime,14561,0.01169
490,1941,M,Rodrigo,9889,0.00794
491,1941,M,Jorge,608,0.00049
492,1941,M,Diego,223,0.00018
493,1941,M,Eric,81,7e-05
494,1941,M,David,6,0.0
495,1942,M,Miguel,39454,0.02838
496,1942,M,Juan,31611,0.02274
497,1942,M,Roberto,21654,0.01557
498,1942,M,Jaime,15032,0.01081
499,1942,M,Rodrigo,10013,0.0072
500,1942,M,Jorge,676,0.00049
501,1942,M,Diego,295,0.00021
502,1942,M,Eric,127,9e-05
503,1942,M,David,8,1e-05
504,1943,M,Miguel,39620,0.02761
505,1943,M,Juan,38437,0.02678
506,1943,M,Roberto,21595,0.01505
507,1943,M,Jaime,14785,0.0103
508,1943,M,Rodrigo,9799,0.00683
509,1943,M,Jorge,788,0.00055
510,1943,M,Diego,284,0.0002
511,1943,M,Eric,121,8e-05
512,1943,M,David,10,1e-05
513,1944,M,Juan,38411,0.02811
514,1944,M,Miguel,36872,0.02698
515,1944,M,Roberto,19757,0.01446
516,1944,M,Jaime,13378,0.00979
517,1944,M,Rodrigo,8693,0.00636
518,1944,M,Jorge,1293,0.00095
519,1944,M,Diego,238,0.00017
520,1944,M,Eric,124,9e-05
521,1944,M,David,12,1e-05
522,1945,M,Juan,41464,0.0308
523,1945,M,Miguel,35840,0.02663
524,1945,M,Roberto,18383,0.01366
525,1945,M,Jaime,12328,0.00916
526,1945,M,Rodrigo,8300,0.00617
527,1945,M,Jorge,1464,0.00109
528,1945,M,Diego,280,0.00021
529,1945,M,Eric,132,0.0001
530,1945,M,David,10,1e-05
531,1946,M,Juan,52708,0.03268
532,1946,M,Miguel,46295,0.0287
533,1946,M,Roberto,19714,0.01222
534,1946,M,Jaime,12796,0.00793
535,1946,M,Rodrigo,8852,0.00549
536,1946,M,Jorge,2470,0.00153
537,1946,M,Diego,274,0.00017
538,1946,M,Eric,240,0.00015
539,1946,M,David,7,0.0
540,1947,M,Juan,99680,0.05484
541,1947,M,Miguel,51274,0.02821
542,1947,M,Roberto,18962,0.01043
543,1947,M,Jaime,12751,0.00701
544,1947,M,Rodrigo,8978,0.00494
545,1947,M,Jorge,5838,0.00321
546,1947,M,Eric,430,0.00024
547,1947,M,Diego,310,0.00017
548,1947,M,David,11,1e-05
549,1948,M,Juan,96211,0.05521
550,1948,M,Miguel,46135,0.02648
551,1948,M,Roberto,16622,0.00954
552,1948,M,Jaime,11326,0.0065
553,1948,M,Jorge,11246,0.00645
554,1948,M,Rodrigo,8305,0.00477
555,1948,M,Eric,482,0.00028
556,1948,M,Diego,306,0.00018
557,1948,M,David,13,1e-05
558,1949,M,Juan,91010,0.05184
559,1949,M,Miguel,46337,0.0264
560,1949,M,Jorge,19208,0.01094
561,1949,M,Roberto,14946,0.00851
562,1949,M,Jaime,10406,0.00593
563,1949,M,Rodrigo,7709,0.00439
564,1949,M,Eric,406,0.00023
565,1949,M,Diego,333,0.00019
566,1949,M,David,11,1e-05
567,1950,M,Juan,80439,0.04573
568,1950,M,Miguel,47952,0.02726
569,1950,M,Jorge,29073,0.01653
570,1950,M,Roberto,13614,0.00774
571,1950,M,Jaime,9555,0.00543
572,1950,M,Rodrigo,7060,0.00401
573,1950,M,Eric,402,0.00023
574,1950,M,Diego,379,0.00022
575,1950,M,David,15,1e-05
576,1951,M,Juan,73947,0.04004
577,1951,M,Miguel,56433,0.03056
578,1951,M,Jorge,42045,0.02277
579,1951,M,Roberto,12820,0.00694
580,1951,M,Jaime,9082,0.00492
581,1951,M,Rodrigo,6945,0.00376
582,1951,M,Eric,466,0.00025
583,1951,M,Diego,409,0.00022
584,1951,M,David,15,1e-05
585,1952,M,Juan,67092,0.03527
586,1952,M,Miguel,53090,0.02791
587,1952,M,Jorge,49809,0.02619
588,1952,M,Roberto,12125,0.00637
589,1952,M,Jaime,8608,0.00453
590,1952,M,Rodrigo,6470,0.0034
591,1952,M,Eric,452,0.00024
592,1952,M,Diego,418,0.00022
593,1952,M,David,24,1e-05
594,1953,M,Juan,61264,0.03176
595,1953,M,Jorge,52196,0.02706
596,1953,M,Miguel,51007,0.02644
597,1953,M,Roberto,11367,0.00589
598,1953,M,Jaime,8154,0.00423
599,1953,M,Rodrigo,6120,0.00317
600,1953,M,Eric,495,0.00026
601,1953,M,Diego,428,0.00022
602,1953,M,David,15,1e-05
603,1954,M,Juan,55371,0.02782
604,1954,M,Jorge,54674,0.02747
605,1954,M,Miguel,49133,0.02468
606,1954,M,Roberto,10615,0.00533
607,1954,M,Jaime,7791,0.00391
608,1954,M,Rodrigo,5940,0.00298
609,1954,M,Diego,428,0.00022
610,1954,M,Eric,424,0.00021
611,1954,M,David,21,1e-05
612,1955,M,Jorge,52314,0.0261
613,1955,M,Juan,51279,0.02558
614,1955,M,Miguel,46210,0.02305
615,1955,M,Roberto,9928,0.00495
616,1955,M,Jaime,7241,0.00361
617,1955,M,Rodrigo,5596,0.00279
618,1955,M,Diego,452,0.00023
619,1955,M,Eric,386,0.00019
620,1955,M,David,8,0.0
621,1956,M,Juan,48067,0.02334
622,1956,M,Jorge,47829,0.02323
623,1956,M,Miguel,43332,0.02104
624,1956,M,Roberto,9213,0.00447
625,1956,M,Jaime,6862,0.00333
626,1956,M,Rodrigo,5279,0.00256
627,1956,M,Diego,643,0.00031
628,1956,M,Eric,406,0.0002
629,1956,M,David,25,1e-05
630,1957,M,Juan,44495,0.02121
631,1957,M,Jorge,40065,0.0191
632,1957,M,Miguel,39277,0.01873
633,1957,M,Roberto,8474,0.00404
634,1957,M,Jaime,6401,0.00305
635,1957,M,Rodrigo,5015,0.00239
636,1957,M,Diego,667,0.00032
637,1957,M,Eric,476,0.00023
638,1957,M,David,27,1e-05
639,1958,M,Juan,41898,0.02029
640,1958,M,Miguel,37932,0.01837
641,1958,M,Jorge,32936,0.01595
642,1958,M,Roberto,7709,0.00373
643,1958,M,Jaime,5539,0.00268
644,1958,M,Rodrigo,4763,0.00231
645,1958,M,Diego,796,0.00039
646,1958,M,Eric,529,0.00026
647,1958,M,David,38,2e-05
648,1959,M,Juan,40409,0.01944
649,1959,M,Miguel,35221,0.01695
650,1959,M,Jorge,29552,0.01422
651,1959,M,Roberto,7317,0.00352
652,1959,M,Jaime,5238,0.00252
653,1959,M,Rodrigo,4378,0.00211
654,1959,M,Diego,858,0.00041
655,1959,M,Eric,523,0.00025
656,1959,M,David,37,2e-05
657,1960,M,Juan,37314,0.01794
658,1960,M,Miguel,32107,0.01544
659,1960,M,Jorge,25269,0.01215
660,1960,M,Roberto,6503,0.00313
661,1960,M,Jaime,5077,0.00244
662,1960,M,Rodrigo,4069,0.00196
663,1960,M,Diego,977,0.00047
664,1960,M,Eric,560,0.00027
665,1960,M,David,57,3e-05
666,1961,M,Juan,35574,0.01713
667,1961,M,Miguel,28867,0.0139
668,1961,M,Jorge,24092,0.0116
669,1961,M,Roberto,5580,0.00269
670,1961,M,Jaime,4726,0.00228
671,1961,M,Rodrigo,3855,0.00186
672,1961,M,Diego,1057,0.00051
673,1961,M,Eric,669,0.00032
674,1961,M,David,80,4e-05
675,1962,M,Juan,31462,0.01552
676,1962,M,Miguel,26538,0.01309
677,1962,M,Jorge,22893,0.01129
678,1962,M,Roberto,4765,0.00235
679,1962,M,Jaime,4075,0.00201
680,1962,M,Rodrigo,3587,0.00177
681,1962,M,Diego,948,0.00047
682,1962,M,Eric,867,0.00043
683,1962,M,David,95,5e-05
684,1963,M,Juan,27715,0.01394
685,1963,M,Miguel,25363,0.01276
686,1963,M,Jorge,21062,0.0106
687,1963,M,Roberto,4154,0.00209
688,1963,M,Jaime,3791,0.00191
689,1963,M,Rodrigo,3340,0.00168
690,1963,M,Eric,1121,0.00056
691,1963,M,Diego,1035,0.00052
692,1963,M,David,108,5e-05
693,1964,M,Miguel,26087,0.01333
694,1964,M,Juan,23633,0.01208
695,1964,M,Jorge,19306,0.00986
696,1964,M,Roberto,4067,0.00208
697,1964,M,Jaime,3535,0.00181
698,1964,M,Rodrigo,3095,0.00158
699,1964,M,Diego,1275,0.00065
700,1964,M,Eric,1172,0.0006
701,1964,M,David,180,9e-05
702,1965,M,Miguel,23551,0.01289
703,1965,M,Juan,19339,0.01058
704,1965,M,Jorge,17083,0.00935
705,1965,M,Roberto,3565,0.00195
706,1965,M,Jaime,2960,0.00162
707,1965,M,Rodrigo,2804,0.00153
708,1965,M,Diego,1650,0.0009
709,1965,M,Eric,1529,0.00084
710,1965,M,David,218,0.00012
711,1966,M,Miguel,20115,0.01146
712,1966,M,Jorge,16250,0.00926
713,1966,M,Juan,15560,0.00886
714,1966,M,Roberto,2948,0.00168
715,1966,M,Jaime,2667,0.00152
716,1966,M,Rodrigo,2449,0.0014
717,1966,M,Diego,2329,0.00133
718,1966,M,Eric,1665,0.00095
719,1966,M,David,263,0.00015
720,1967,M,Miguel,17746,0.01034
721,1967,M,Jorge,14007,0.00816
722,1967,M,Juan,13199,0.00769
723,1967,M,Diego,2663,0.00155
724,1967,M,Roberto,2543,0.00148
725,1967,M,Jaime,2316,0.00135
726,1967,M,Rodrigo,2153,0.00125
727,1967,M,Eric,1761,0.00103
728,1967,M,David,386,0.00022
729,1968,M,Miguel,15806,0.00925
730,1968,M,Jorge,12286,0.00719
731,1968,M,Juan,11368,0.00665
732,1968,M,Diego,2430,0.00142
733,1968,M,Roberto,2134,0.00125
734,1968,M,Jaime,2084,0.00122
735,1968,M,Rodrigo,1881,0.0011
736,1968,M,Eric,1841,0.00108
737,1968,M,David,544,0.00032
738,1969,M,Miguel,14957,0.00849
739,1969,M,Jorge,11186,0.00635
740,1969,M,Juan,10248,0.00581
741,1969,M,Diego,2817,0.0016
742,1969,M,Eric,2492,0.00141
743,1969,M,Roberto,2133,0.00121
744,1969,M,Rodrigo,1857,0.00105
745,1969,M,Jaime,1778,0.00101
746,1969,M,David,643,0.00036
747,1970,M,Miguel,13404,0.00732
748,1970,M,Jorge,9853,0.00538
749,1970,M,Juan,8734,0.00477
750,1970,M,Eric,4023,0.0022
751,1970,M,Diego,3550,0.00194
752,1970,M,Roberto,1967,0.00107
753,1970,M,Jaime,1802,0.00098
754,1970,M,Rodrigo,1715,0.00094
755,1970,M,David,932,0.00051
756,1971,M,Miguel,11466,0.00654
757,1971,M,Jorge,8675,0.00495
758,1971,M,Juan,7379,0.00421
759,1971,M,Eric,5360,0.00306
760,1971,M,Diego,4133,0.00236
761,1971,M,Roberto,1763,0.00101
762,1971,M,Jaime,1626,0.00093
763,1971,M,Rodrigo,1441,0.00082
764,1971,M,David,1164,0.00066
765,1972,M,Miguel,9602,0.00595
766,1972,M,Jorge,6279,0.00389
767,1972,M,Eric,6208,0.00385
768,1972,M,Juan,5746,0.00356
769,1972,M,Diego,4181,0.00259
770,1972,M,Roberto,1366,0.00085
771,1972,M,Jaime,1277,0.00079
772,1972,M,Rodrigo,1245,0.00077
773,1972,M,David,1176,0.00073
774,1973,M,Miguel,8477,0.00545
775,1973,M,Eric,7226,0.00465
776,1973,M,Diego,5627,0.00362
777,1973,M,Jorge,4984,0.00321
778,1973,M,Juan,4735,0.00305
779,1973,M,Roberto,1323,0.00085
780,1973,M,David,1253,0.00081
781,1973,M,Jaime,1175,0.00076
782,1973,M,Rodrigo,1133,0.00073
783,1974,M,Eric,10653,0.0068
784,1974,M,Miguel,8040,0.00513
785,1974,M,Diego,7476,0.00477
786,1974,M,Jorge,4345,0.00277
787,1974,M,Juan,4085,0.00261
788,1974,M,David,1626,0.00104
789,1974,M,Rodrigo,1140,0.00073
790,1974,M,Roberto,1130,0.00072
791,1974,M,Jaime,1100,0.0007
792,1975,M,Eric,12930,0.00828
793,1975,M,Diego,12653,0.00811
794,1975,M,Miguel,7056,0.00452
795,1975,M,Juan,3525,0.00226
796,1975,M,Jorge,3415,0.00219
797,1975,M,David,1988,0.00127
798,1975,M,Rodrigo,1057,0.00068
799,1975,M,Roberto,1021,0.00065
800,1975,M,Jaime,975,0.00062
801,1976,M,Eric,18370,0.01169
802,1976,M,Diego,15591,0.00992
803,1976,M,Miguel,6017,0.00383
804,1976,M,Juan,3141,0.002
805,1976,M,Jorge,2994,0.0019
806,1976,M,David,2292,0.00146
807,1976,M,Jaime,983,0.00063
808,1976,M,Rodrigo,942,0.0006
809,1976,M,Roberto,908,0.00058
810,1977,M,Eric,24843,0.0151
811,1977,M,Diego,18280,0.01111
812,1977,M,Miguel,5907,0.00359
813,1977,M,Juan,2909,0.00177
814,1977,M,David,2706,0.00165
815,1977,M,Jorge,2677,0.00163
816,1977,M,Rodrigo,992,0.0006
817,1977,M,Jaime,934,0.00057
818,1977,M,Roberto,807,0.00049
819,1978,M,Eric,26105,0.01588
820,1978,M,Diego,20522,0.01248
821,1978,M,Miguel,5498,0.00334
822,1978,M,David,3484,0.00212
823,1978,M,Juan,2936,0.00179
824,1978,M,Jorge,2479,0.00151
825,1978,M,Rodrigo,922,0.00056
826,1978,M,Jaime,913,0.00056
827,1978,M,Roberto,715,0.00043
828,1979,M,Diego,31927,0.01853
829,1979,M,Eric,27777,0.01612
830,1979,M,Miguel,5651,0.00328
831,1979,M,David,4450,0.00258
832,1979,M,Juan,2739,0.00159
833,1979,M,Jorge,2181,0.00127
834,1979,M,Jaime,889,0.00052
835,1979,M,Rodrigo,879,0.00051
836,1979,M,Roberto,711,0.00041
837,1980,M,Diego,35819,0.02012
838,1980,M,Eric,33921,0.01905
839,1980,M,David,7296,0.0041
840,1980,M,Miguel,5309,0.00298
841,1980,M,Juan,2805,0.00158
842,1980,M,Jorge,1938,0.00109
843,1980,M,Rodrigo,909,0.00051
844,1980,M,Jaime,895,0.0005
845,1980,M,Roberto,658,0.00037
846,1981,M,Eric,42527,0.02378
847,1981,M,Diego,34373,0.01922
848,1981,M,David,8877,0.00496
849,1981,M,Miguel,5285,0.00296
850,1981,M,Juan,2730,0.00153
851,1981,M,Jorge,1905,0.00107
852,1981,M,Rodrigo,896,0.0005
853,1981,M,Jaime,787,0.00044
854,1981,M,Roberto,662,0.00037
855,1982,M,Eric,45445,0.02506
856,1982,M,Diego,34210,0.01886
857,1982,M,David,14851,0.00819
858,1982,M,Miguel,5167,0.00285
859,1982,M,Juan,2787,0.00154
860,1982,M,Jorge,1842,0.00102
861,1982,M,Rodrigo,875,0.00048
862,1982,M,Jaime,828,0.00046
863,1982,M,Roberto,635,0.00035
864,1983,M,Eric,45278,0.02531
865,1983,M,Diego,33754,0.01887
866,1983,M,David,33290,0.01861
867,1983,M,Miguel,4922,0.00275
868,1983,M,Juan,2473,0.00138
869,1983,M,Jorge,1605,0.0009
870,1983,M,Rodrigo,844,0.00047
871,1983,M,Jaime,759,0.00042
872,1983,M,Roberto,563,0.00031
873,1984,M,Eric,45851,0.02544
874,1984,M,David,38759,0.0215
875,1984,M,Diego,33906,0.01881
876,1984,M,Miguel,4475,0.00248
877,1984,M,Juan,2334,0.00129
878,1984,M,Jorge,1468,0.00081
879,1984,M,Rodrigo,859,0.00048
880,1984,M,Jaime,682,0.00038
881,1984,M,Roberto,503,0.00028
882,1985,M,Eric,48343,0.02619
883,1985,M,David,47007,0.02547
884,1985,M,Diego,39050,0.02116
885,1985,M,Miguel,4398,0.00238
886,1985,M,Juan,2113,0.00114
887,1985,M,Jorge,1401,0.00076
888,1985,M,Rodrigo,809,0.00044
889,1985,M,Jaime,719,0.00039
890,1985,M,Roberto,502,0.00027
891,1986,M,Eric,52667,0.02855
892,1986,M,David,49674,0.02693
893,1986,M,Diego,40522,0.02197
894,1986,M,Miguel,4246,0.0023
895,1986,M,Juan,1951,0.00106
896,1986,M,Jorge,1284,0.0007
897,1986,M,Rodrigo,766,0.00042
898,1986,M,Jaime,629,0.00034
899,1986,M,Roberto,407,0.00022
900,1987,M,Eric,55990,0.02988
901,1987,M,David,54845,0.02927
902,1987,M,Diego,41786,0.0223
903,1987,M,Miguel,3913,0.00209
904,1987,M,Juan,1929,0.00103
905,1987,M,Jorge,1203,0.00064
906,1987,M,Rodrigo,815,0.00043
907,1987,M,Jaime,614,0.00033
908,1987,M,Roberto,435,0.00023
909,1988,M,Eric,51532,0.02681
910,1988,M,David,49963,0.02599
911,1988,M,Diego,39451,0.02052
912,1988,M,Miguel,3798,0.00198
913,1988,M,Juan,1844,0.00096
914,1988,M,Jorge,1056,0.00055
915,1988,M,Rodrigo,775,0.0004
916,1988,M,Jaime,608,0.00032
917,1988,M,Roberto,395,0.00021
918,1989,M,Eric,47885,0.02404
919,1989,M,David,47585,0.02389
920,1989,M,Diego,36827,0.01849
921,1989,M,Miguel,3606,0.00181
922,1989,M,Juan,1844,0.00093
923,1989,M,Jorge,1076,0.00054
924,1989,M,Rodrigo,857,0.00043
925,1989,M,Jaime,620,0.00031
926,1989,M,Roberto,399,0.0002
927,1990,M,Eric,46470,0.02263
928,1990,M,David,45553,0.02218
929,1990,M,Diego,34405,0.01675
930,1990,M,Miguel,3578,0.00174
931,1990,M,Juan,1658,0.00081
932,1990,M,Jorge,1094,0.00053
933,1990,M,Rodrigo,861,0.00042
934,1990,M,Jaime,596,0.00029
935,1990,M,Roberto,406,0.0002
936,1991,M,David,43482,0.02139
937,1991,M,Eric,43394,0.02135
938,1991,M,Diego,28887,0.01421
939,1991,M,Miguel,3418,0.00168
940,1991,M,Juan,1608,0.00079
941,1991,M,Jorge,1014,0.0005
942,1991,M,Rodrigo,773,0.00038
943,1991,M,Jaime,498,0.00024
944,1991,M,Roberto,345,0.00017
945,1992,M,David,38452,0.01919
946,1992,M,Eric,38352,0.01914
947,1992,M,Diego,25034,0.01249
948,1992,M,Miguel,2951,0.00147
949,1992,M,Juan,1580,0.00079
950,1992,M,Jorge,919,0.00046
951,1992,M,Rodrigo,827,0.00041
952,1992,M,Jaime,508,0.00025
953,1992,M,Roberto,296,0.00015
954,1993,M,Eric,34987,0.01775
955,1993,M,David,34847,0.01768
956,1993,M,Diego,20809,0.01056
957,1993,M,Miguel,2660,0.00135
958,1993,M,Juan,1487,0.00075
959,1993,M,Rodrigo,868,0.00044
960,1993,M,Jorge,797,0.0004
961,1993,M,Jaime,476,0.00024
962,1993,M,Roberto,292,0.00015
963,1994,M,Eric,32117,0.01648
964,1994,M,David,30278,0.01554
965,1994,M,Diego,18715,0.0096
966,1994,M,Miguel,2363,0.00121
967,1994,M,Juan,1281,0.00066
968,1994,M,Rodrigo,848,0.00044
969,1994,M,Jorge,740,0.00038
970,1994,M,Jaime,442,0.00023
971,1994,M,Roberto,275,0.00014
972,1995,M,Eric,27935,0.01454
973,1995,M,David,26603,0.01385
974,1995,M,Diego,16345,0.00851
975,1995,M,Miguel,2160,0.00112
976,1995,M,Juan,1233,0.00064
977,1995,M,Rodrigo,837,0.00044
978,1995,M,Jorge,660,0.00034
979,1995,M,Jaime,376,0.0002
980,1995,M,Roberto,234,0.00012
981,1996,M,Eric,24192,0.01262
982,1996,M,David,23676,0.01235
983,1996,M,Diego,13973,0.00729
984,1996,M,Miguel,1970,0.00103
985,1996,M,Juan,987,0.00051
986,1996,M,Rodrigo,900,0.00047
987,1996,M,Jorge,633,0.00033
988,1996,M,Jaime,350,0.00018
989,1996,M,Roberto,217,0.00011
990,1997,M,Eric,21043,0.01103
991,1997,M,David,20895,0.01095
992,1997,M,Diego,12239,0.00641
993,1997,M,Miguel,1781,0.00093
994,1997,M,Juan,1095,0.00057
995,1997,M,Rodrigo,812,0.00043
996,1997,M,Jorge,638,0.00033
997,1997,M,Jaime,315,0.00017
998,1997,M,Roberto,189,0.0001
999,1998,M,David,19871,0.01025
1000,1998,M,Eric,18233,0.00941
1001,1998,M,Diego,10908,0.00563
1002,1998,M,Miguel,1704,0.00088
1003,1998,M,Juan,970,0.0005
1004,1998,M,Rodrigo,832,0.00043
1005,1998,M,Jorge,553,0.00029
1006,1998,M,Jaime,312,0.00016
1007,1998,M,Roberto,194,0.0001
1008,1999,M,David,18132,0.00932
1009,1999,M,Eric,16346,0.0084
1010,1999,M,Diego,9741,0.00501
1011,1999,M,Miguel,1532,0.00079
1012,1999,M,Juan,898,0.00046
1013,1999,M,Rodrigo,841,0.00043
1014,1999,M,Jorge,524,0.00027
1015,1999,M,Jaime,335,0.00017
1016,1999,M,Roberto,182,9e-05
1017,2000,M,David,17997,0.00902
1018,2000,M,Eric,15705,0.00787
1019,2000,M,Diego,8550,0.00429
1020,2000,M,Miguel,1392,0.0007
1021,2000,M,Rodrigo,890,0.00045
1022,2000,M,Juan,849,0.00043
1023,2000,M,Jorge,545,0.00027
1024,2000,M,Jaime,312,0.00016
1025,2000,M,Roberto,174,9e-05
1026,2001,M,David,16524,0.00835
1027,2001,M,Eric,13917,0.00703
1028,2001,M,Diego,6963,0.00352
1029,2001,M,Miguel,1223,0.00062
1030,2001,M,Rodrigo,884,0.00045
1031,2001,M,Juan,837,0.00042
1032,2001,M,Jorge,489,0.00025
1033,2001,M,Jaime,317,0.00016
1034,2001,M,Roberto,153,8e-05
1035,2002,M,David,15339,0.00777
1036,2002,M,Eric,11913,0.00604
1037,2002,M,Diego,6132,0.00311
1038,2002,M,Miguel,1113,0.00056
1039,2002,M,Rodrigo,875,0.00044
1040,2002,M,Juan,769,0.00039
1041,2002,M,Jorge,474,0.00024
1042,2002,M,Jaime,263,0.00013
1043,2002,M,Roberto,127,6e-05
1044,2003,M,David,14512,0.00724
1045,2003,M,Eric,10445,0.00521
1046,2003,M,Diego,5339,0.00266
1047,2003,M,Miguel,1011,0.0005
1048,2003,M,Rodrigo,783,0.00039
1049,2003,M,Juan,739,0.00037
1050,2003,M,Jorge,421,0.00021
1051,2003,M,Jaime,291,0.00015
1052,2003,M,Roberto,142,7e-05
1053,2004,M,David,14370,0.00713
1054,2004,M,Eric,9469,0.0047
1055,2004,M,Diego,4677,0.00232
1056,2004,M,Miguel,997,0.00049
1057,2004,M,Rodrigo,860,0.00043
1058,2004,M,Juan,727,0.00036
1059,2004,M,Jorge,427,0.00021
1060,2004,M,Jaime,288,0.00014
1061,2004,M,Roberto,136,7e-05
1062,2005,M,David,13270,0.00654
1063,2005,M,Eric,8108,0.004
1064,2005,M,Diego,4088,0.00202
1065,2005,M,Rodrigo,960,0.00047
1066,2005,M,Miguel,877,0.00043
1067,2005,M,Juan,745,0.00037
1068,2005,M,Jorge,425,0.00021
1069,2005,M,Jaime,234,0.00012
1070,2005,M,Roberto,132,7e-05
1071,2006,M,David,12340,0.00591
1072,2006,M,Eric,6809,0.00326
1073,2006,M,Diego,3355,0.00161
1074,2006,M,Rodrigo,948,0.00045
1075,2006,M,Miguel,775,0.00037
1076,2006,M,Juan,698,0.00033
1077,2006,M,Jorge,423,0.0002
1078,2006,M,Jaime,265,0.00013
1079,2006,M,Roberto,135,6e-05
1080,2007,M,David,11423,0.0054
1081,2007,M,Eric,5704,0.0027
1082,2007,M,Diego,3038,0.00144
1083,2007,M,Rodrigo,931,0.00044
1084,2007,M,Miguel,725,0.00034
1085,2007,M,Juan,659,0.00031
1086,2007,M,Jorge,371,0.00018
1087,2007,M,Jaime,262,0.00012
1088,2007,M,Roberto,134,6e-05
1089,2008,M,David,9402,0.00452
1090,2008,M,Eric,4732,0.00228
1091,2008,M,Diego,2439,0.00117
1092,2008,M,Rodrigo,884,0.00043
1093,2008,M,Miguel,629,0.0003
1094,2008,M,Juan,611,0.00029
1095,2008,M,Jorge,355,0.00017
1096,2008,M,Jaime,242,0.00012
1097,2008,M,Roberto,137,7e-05
1098,2009,M,David,7811,0.00386
1099,2009,M,Eric,3793,0.00188
1100,2009,M,Diego,1952,0.00097
1101,2009,M,Rodrigo,826,0.00041
1102,2009,M,Miguel,564,0.00028
1103,2009,M,Juan,550,0.00027
1104,2009,M,Jorge,346,0.00017
1105,2009,M,Jaime,226,0.00011
1106,2009,M,Roberto,148,7e-05
1107,2010,M,David,6306,0.00322
1108,2010,M,Eric,3195,0.00163
1109,2010,M,Diego,1655,0.00085
1110,2010,M,Rodrigo,703,0.00036
1111,2010,M,Miguel,479,0.00024
1112,2010,M,Juan,476,0.00024
1113,2010,M,Jorge,354,0.00018
1114,2010,M,Jaime,240,0.00012
1115,2010,M,Roberto,132,7e-05
1116,2011,M,David,5398,0.00279
1117,2011,M,Eric,2620,0.00136
1118,2011,M,Diego,1409,0.00073
1119,2011,M,Rodrigo,729,0.00038
1120,2011,M,Juan,488,0.00025
1121,2011,M,Miguel,427,0.00022
1122,2011,M,Jorge,332,0.00017
1123,2011,M,Jaime,276,0.00014
1124,2011,M,Roberto,167,9e-05
1125,2012,M,David,4696,0.00243
1126,2012,M,Eric,2327,0.0012
1127,2012,M,Diego,1228,0.00063
1128,2012,M,Rodrigo,772,0.0004
1129,2012,M,Juan,448,0.00023
1130,2012,M,Miguel,394,0.0002
1131,2012,M,Jorge,336,0.00017
1132,2012,M,Jaime,277,0.00014
1133,2012,M,Roberto,140,7e-05
1134,2013,M,David,3936,0.00205
1135,2013,M,Eric,1946,0.00101
1136,2013,M,Diego,1064,0.00055
1137,2013,M,Rodrigo,738,0.00038
1138,2013,M,Juan,441,0.00023
1139,2013,M,Miguel,419,0.00022
1140,2013,M,Jaime,334,0.00017
1141,2013,M,Jorge,329,0.00017
1142,2013,M,Roberto,174,9e-05
1143,2014,M,David,3547,0.00182
1144,2014,M,Eric,1790,0.00092
1145,2014,M,Diego,1048,0.00054
1146,2014,M,Rodrigo,801,0.00041
1147,2014,M,Juan,470,0.00024
1148,2014,M,Jaime,382,0.0002
1149,2014,M,Miguel,377,0.00019
1150,2014,M,Jorge,369,0.00019
1151,2014,M,Roberto,193,0.0001
1152,2015,M,David,3409,0.00176
1153,2015,M,Eric,1577,0.00081
1154,2015,M,Diego,1013,0.00052
1155,2015,M,Rodrigo,757,0.00039
1156,2015,M,Juan,423,0.00022
1157,2015,M,Jaime,395,0.0002
1158,2015,M,Jorge,346,0.00018
1159,2015,M,Miguel,346,0.00018
1160,2015,M,Roberto,186,0.0001
